Date,Open,High,Low,Close,Adjusted_close,Volume
2014-09-24,21.5,23.22,21.35,23.08,20.6825,60456032
2014-09-25,22.56,23.41,22.45,23.05,20.6559,8430850
2014-09-26,23.18,23.37,22.91,23.25,20.8351,2504353
2014-09-29,23.14,23.45,22.91,23.23,20.8172,4832916
2014-09-30,23.11,23.57,23.05,23.42,20.9871,4103103
2014-10-01,23.22,23.61,23.11,23.44,21.0051,3915508
2014-10-02,23.34,23.59,23.303,23.34,20.9156,3121384
2014-10-03,23.38,23.47,23.01,23.23,20.8172,1585901
2014-10-06,23.28,23.37,22.61,22.64,20.2886,1208403
2014-10-07,22.56,22.74,22.26,22.52,20.1808,1508726
2014-10-08,22.11,23.15,22.11,22.75,20.387,1649208
2014-10-09,23,23,22.24,22.48,20.145,1229058
2014-10-10,22.39,22.56,22.135,22.28,19.9657,924069
2014-10-13,22.13,22.66,22.12,22.45,20.1182,1382774
2014-10-14,22.5,22.79,22.3,22.45,20.1182,1605776
2014-10-15,22.13,22.2,21.5,21.85,19.5805,3405401
2014-10-16,21.51,21.95,21.47,21.8,19.5357,3105758
2014-10-17,21.89,22.07,21.73,21.92,19.6431,2750608
2014-10-20,21.82,22.38,21.82,22.38,20.0554,1870599
2014-10-21,22.11,22.93,22.11,22.82,20.4498,1165506
2014-10-22,22.78,23,22.4025,22.6,20.2525,884653
2014-10-23,22.97,23.08,22.59,23.03,20.6378,1154177
2014-10-24,23.32,23.49,22.77,23.18,20.7723,1357806
2014-10-27,23.15,23.19,22.725,22.85,20.4766,2898819
2014-10-28,23.16,23.59,22.93,23.28,20.8618,1500595
2014-10-29,23.35,23.53,23.2,23.48,21.0413,1302330
2014-10-30,23.46,23.69,23.2971,23.44,21.0051,1153587
2014-10-31,23.59,23.92,23.37,23.62,21.1667,1238628
2014-11-03,23.49,24,23.16,24,21.507,1826936
2014-11-04,23.74,23.91,23.43,23.6,21.2374,1474474
2014-11-05,23.8,23.95,23.55,23.9,21.507,1097594
2014-11-06,23.79,24.46,23.75,24.3,21.8671,1010740
2014-11-07,24.48,24.48,23.96,23.97,21.5702,600659
2014-11-10,24.04,24.25,23.75,23.95,21.5522,1531257
2014-11-11,23.97,24.22,23.75,23.94,21.5431,658274
2014-11-12,23.75,23.98,23.51,23.86,21.4711,940834
2014-11-13,23.62,23.96,23.58,23.82,21.435,1149713
2014-11-14,23.74,24,23.74,23.96,21.5611,1111501
2014-11-17,24.11,24.11,23.56,24,21.597,992390
2014-11-18,24.04,24.04,23.71,23.73,21.3542,586010
2014-11-19,23.8,24,23.51,23.72,21.3453,812772
2014-11-20,23.57,23.87,23.5001,23.71,21.3362,745775
2014-11-21,23.95,24.21,23.695,23.77,21.3901,725247
2014-11-24,23.8,24.36,23.68,24.25,21.8221,836847
2014-11-25,24.24,24.3,24.02,24.03,21.6242,701615
2014-11-26,24.11,24.27,23.92,24.23,21.8042,703711
2014-11-28,24.22,25.09,24.05,24.63,22.1643,713406
2014-12-01,24.62,24.895,23.49,23.98,21.579,2282591
2014-12-02,24.02,24.43,23.8,24.2,21.7772,1369272
2014-12-03,24.33,24.59,24.19,24.23,21.8042,1854537
2014-12-04,24.32,24.56,24.09,24.4,21.9569,1433907
2014-12-05,24.45,25.22,24.45,25.15,22.6322,1008380
2014-12-08,25.08,25.14,24.68,25.04,22.5332,2244927
2014-12-09,24.71,25.33,24.5,25.16,22.6409,1141758
2014-12-10,25.15,25.41,24.62,24.65,22.1822,630958
2014-12-11,24.85,25.28,24.51,24.69,22.2181,1709147
2014-12-12,24.52,24.83,24.4,24.46,22.011,950809
2014-12-15,24.68,24.805,24.27,24.49,22.0383,1175223
2014-12-16,24.53,24.875,24.22,24.25,21.8221,1315552
2014-12-17,24.22,24.8,24.22,24.56,22.1011,2160460
2014-12-18,24.75,25.14,24.68,25.08,22.5689,1768470
2014-12-19,25.04,25.6,24.84,25,22.497,7523121
2014-12-22,25.16,25.2786,24.66,25.1,22.5869,1689581
2014-12-23,25.31,25.5,25.12,25.44,22.8928,1174551
2014-12-24,25.45,25.59,25.18,25.51,22.9562,547225
2014-12-26,25.51,25.51,25.25,25.31,22.776,304036
2014-12-29,25.2,25.51,25.18,25.37,22.83,1070954
2014-12-30,25.46,25.5,25.16,25.19,22.668,511820
2014-12-31,25.25,25.285,24.83,24.86,22.3709,621617
2015-01-02,24.97,25,24.29,24.76,22.2809,643550
2015-01-05,24.58,24.68,23.84,24.18,21.7592,1330389
2015-01-06,24.17,24.22,23.7,23.91,21.5164,2075044
2015-01-07,23.99,24.13,23.79,24,21.597,1160199
2015-01-08,24.07,24.48,23.94,24.18,21.7592,661452
2015-01-09,24.15,24.18,23.78,23.89,21.4979,724738
2015-01-12,23.8,24.04,23.62,23.88,21.4891,941126
2015-01-13,23.94,24.19,23.61,23.87,21.4802,990061
2015-01-14,23.6,23.744,23.1,23.44,21.0933,962525
2015-01-15,23.37,23.61,22.67,22.96,20.6611,1558030
2015-01-16,22.83,23.24,22.79,23.19,20.8684,1951966
2015-01-20,23.16,23.85,22.91,23.1,20.7872,1742114
2015-01-21,23.07,23.59,23.01,23.28,20.9491,787349
2015-01-22,23.3,24.16,23.28,24.14,21.7231,486535
2015-01-23,24.04,24.04,23.67,23.71,21.3362,656610
2015-01-26,23.75,24.31,23.53,24.09,21.6778,1167764
2015-01-27,23.86,24.64,23.7601,24.15,21.7321,1308167
2015-01-28,24.17,24.35,23.84,23.86,21.4711,1301860
2015-01-29,23.92,24.35,23.26,24.24,21.813,1818610
2015-01-30,24.1,24.24,23.81,23.9,21.507,1882316
2015-02-02,23.85,24.16,23.69,24,21.597,1445837
2015-02-03,23.91,24.45,23.8,24.29,21.9495,1351750
2015-02-04,24.27,24.38,23.93,24.01,21.6967,1102434
2015-02-05,24.09,24.41,23.98,24.35,22.0038,984601
2015-02-06,24.41,25,24.22,24.5,22.1393,1748389
2015-02-09,24.48,24.53,24.11,24.26,21.9223,781608
2015-02-10,24.73,24.96,24.53,24.82,22.4286,1384891
2015-02-11,24.88,25,24.55,24.97,22.5639,1393061
2015-02-12,24.8,25.37,24.75,25.33,22.8896,985050
2015-02-13,25.28,25.67,25.14,25.45,22.9978,1164524
2015-02-17,25.71,25.74,25.26,25.56,23.0972,1807100
2015-02-18,25.63,25.63,25.06,25.21,22.7809,1783474
2015-02-19,25.02,25.22,24.85,25.02,22.6092,896846
2015-02-20,25.1,25.26,24.862,25.25,22.8172,744802
2015-02-23,25.1,25.1,24.675,24.91,22.5099,743580
2015-02-24,24.86,25.07,24.77,24.93,22.5279,530683
2015-02-25,24.87,25,24.72,24.96,22.5551,612615
2015-02-26,24.94,24.995,24.61,24.85,22.4555,702911
2015-02-27,24.8,24.9999,24.71,24.84,22.4465,468546
2015-03-02,24.8,25.18,24.62,24.85,22.4555,1408937
2015-03-03,24.82,25.05,24.58,25.04,22.6272,905544
2015-03-04,24.99,24.99,24.5,24.9,22.5008,1781542
2015-03-05,24.89,25.32,24.61,25.3,22.8622,1959248
2015-03-06,25.03,25.8,24.95,25.5,23.0428,1542156
2015-03-09,25.47,25.5347,25.11,25.23,22.7989,1890638
2015-03-10,24.95,25.2,24.79,25,22.5911,1434336
2015-03-11,25,25.2699,25,25.11,22.6905,837650
2015-03-12,25.12,25.78,24.99,25.49,23.0341,2143342
2015-03-13,25.17,25.23,24.43,24.77,22.3833,3480912
2015-03-16,24.93,25.32,24.77,25.31,22.8712,1186824
2015-03-17,25.18,25.61,24.9,25.6,23.1334,1225220
2015-03-18,25.45,25.84,25.1,25.19,22.7629,1288586
2015-03-19,25,25.19,24.495,24.8,22.4105,1824980
2015-03-20,24.78,25.02,24.74,24.8,22.4105,6594055
2015-03-23,24.85,25.24,24.51,24.76,22.3744,3773274
2015-03-24,24.7,24.92,24.24,24.32,21.9765,2657602
2015-03-25,24.27,24.43,23.84,24,21.6875,5012396
2015-03-26,24.04,24.29,23.83,24.12,21.7959,62491480
2015-03-27,24.11,24.54,24.1,24.48,22.1211,9244264
2015-03-30,24.5,24.68,24.16,24.32,21.9765,5463482
2015-03-31,24.22,24.29,24.04,24.13,21.805,3946570
2015-04-01,24.15,24.46,24.03,24.36,22.0128,5348903
2015-04-02,24.34,24.68,24.25,24.62,22.2478,6024784
2015-04-06,24.48,24.8,24.28,24.75,22.3652,3718418
2015-04-07,24.73,25,24.7,24.9,22.5008,5752758
2015-04-08,25,25.09,24.88,25,22.5911,4441601
2015-04-09,25,25.14,24.93,25.04,22.6272,3585119
2015-04-10,25.03,25.3,24.97,25.11,22.6905,2606743
2015-04-13,25.19,25.46,24.98,25.45,22.9978,4462650
2015-04-14,25.15,25.25,25.02,25.14,22.7176,1860841
2015-04-15,25.15,25.66,25.02,25.6,23.1334,3701309
2015-04-16,25.6,25.63,25.2,25.49,23.0341,1970965
2015-04-17,25.36,25.41,25.04,25.12,22.6995,1303817
2015-04-20,25.19,25.28,24.97,25.11,22.6905,2630029
2015-04-21,25.19,25.46,24.96,25.04,22.6272,3493921
2015-04-22,25.5,25.98,24.92,25.49,23.0341,3563199
2015-04-23,25.66,25.74,25.28,25.64,23.1695,2450858
2015-04-24,25.66,25.72,25.28,25.57,23.1061,1918430
2015-04-27,25.7,25.84,25.48,25.48,23.0248,4843454
2015-04-28,25.53,25.825,25.39,25.78,23.2961,2557577
2015-04-29,25.63,26.29,25.6,26.09,23.576,3516940
2015-04-30,25.99,26.18,25.68,26.05,23.5398,2700344
2015-05-01,26.15,26.302,25.91,25.98,23.5673,2090668
2015-05-04,26.05,26.38,25.97,26.3,23.8575,1626037
2015-05-05,26.23,26.47,26.14,26.24,23.8031,2164075
2015-05-06,26.29,26.432,25.78,25.85,23.4494,2614496
2015-05-07,25.82,25.96,25.61,25.95,23.5398,2998342
2015-05-08,26.19,26.242,25.57,25.81,23.413,3298154
2015-05-11,25.83,26.19,25.83,26.07,23.6488,4875078
2015-05-12,26.02,26.25,25.96,26.15,23.7213,3526312
2015-05-13,26.29,26.41,25.99,26.23,23.794,3532424
2015-05-14,26.48,26.59,26.14,26.48,24.0208,2561327
2015-05-15,26.45,26.582,25.9,25.93,23.5218,2266920
2015-05-18,25.99,26.38,25.89,26.3,23.8575,2182513
2015-05-19,26.02,26.89,25.94,26.86,24.3656,3279750
2015-05-20,26.65,26.95,26.64,26.75,24.2656,3430864
2015-05-21,26.76,26.91,26.46,26.84,24.3475,5403619
2015-05-22,26.83,26.99,26.7,26.92,24.42,3185352
2015-05-26,26.87,26.99,26.66,26.7,24.2202,5931036
2015-05-27,26.765,26.92,26.59,26.77,24.2838,4423323
2015-05-28,26.77,26.92,26.58,26.83,24.3383,3074931
2015-05-29,26.89,26.95,26.565,26.84,24.3475,11662129
2015-06-01,26.91,27.025,26.72,26.95,24.447,4060531
2015-06-02,27,27.34,26.95,27.19,24.6648,3798469
2015-06-03,27.29,27.67,27.24,27.62,25.0549,6359355
2015-06-04,27.53,27.87,27.53,27.75,25.1728,6119249
2015-06-05,27.79,28.35,27.3,28.32,25.6901,7049847
2015-06-08,28.39,28.71,28,28.04,25.4359,0
2015-06-09,28.01,28.09,27.3,28.08,25.472,0
2015-06-10,28.2,28.31,27.83,28,25.3995,7645820
2015-06-11,28.09,28.17,27.46,27.52,24.9641,10332566
2015-06-12,27.5,27.64,27.33,27.54,24.9822,8410215
2015-06-15,27.37,27.99,27.36,27.91,25.3181,6175987
2015-06-16,27.85,28.29,27.73,28.25,25.6263,5020125
2015-06-17,28.33,28.41,27.84,27.91,25.3181,6830814
2015-06-18,28,28.12,27.6,28.07,25.4632,6168345
2015-06-19,28.12,28.46,28.02,28.19,25.5717,29234651
2015-06-22,28.39,28.54,28.17,28.27,25.6444,3695464
2015-06-23,28.38,28.53,28.06,28.19,25.5717,5113357
2015-06-24,28.1,28.32,27.985,28.05,25.4451,2675558
2015-06-25,27.95,28.04,27.28,27.38,24.8369,5014804
2015-06-26,27.37,27.615,27.26,27.54,24.9822,9588333
2015-06-29,27.21,27.39,26.8,26.93,24.4289,3022453
2015-06-30,27.21,27.87,26.985,27.31,24.7739,5545328
2015-07-01,27.53,27.74,27.34,27.44,24.8916,2838202
2015-07-02,27.43,27.47,26.92,27.15,24.6286,2158019
2015-07-06,26.93,27.04,26.67,27.01,24.5013,3391988
2015-07-07,27.01,27.04,26.44,26.74,24.2565,3582608
2015-07-08,26.58,26.71,26.46,26.64,24.1658,3601944
2015-07-09,26.91,27.03,26.8,26.98,24.4745,2196341
2015-07-10,27.25,27.35,27.05,27.3,24.7647,1767485
2015-07-13,27.5,27.7,27.19,27.25,24.7192,2075152
2015-07-14,27.3,27.58,27.23,27.55,24.9915,3363214
2015-07-15,27.75,28,27.62,27.8,25.2182,2356049
2015-07-16,27.89,28.15,27.71,28.11,25.4994,2239731
2015-07-17,28.08,28.1825,27.84,27.91,25.3181,3126686
2015-07-20,27.93,28.17,27.87,27.96,25.3634,4131653
2015-07-21,26.53,27.58,25.48,26.72,24.2382,10366904
2015-07-22,26.69,27.255,26.614,27.04,24.5286,3829344
2015-07-23,27.06,27.3,26.37,26.45,23.9935,3075041
2015-07-24,26.48,26.65,26.12,26.15,23.7213,1993934
2015-07-27,26.02,26.13,25.68,25.94,23.531,2544280
2015-07-28,25.8,26.36,25.74,26.17,23.7395,5631598
2015-07-29,26.1,26.33,26,26,23.5854,59753880
2015-07-30,26.03,26.6299,25.6,26.49,24.1226,17805568
2015-07-31,26.56,26.6,25.98,26.07,23.7401,9396444
2015-08-03,26.18,26.5,26,26.03,23.7035,6981511
2015-08-04,26.05,26.44,25.9,26.27,23.9222,5120699
2015-08-05,26.49,26.84,26.41,26.66,24.2772,6478775
2015-08-06,26.77,26.84,26.43,26.65,24.2684,4042173
2015-08-07,26.53,26.82,26.31,26.7,24.3139,8973706
2015-08-10,27.01,27.26,26.9,27.19,24.76,4443212
2015-08-11,27,27.19,26.7,26.84,24.4415,4909284
2015-08-12,26.78,26.79,25.74,26.03,23.7035,6983480
2015-08-13,26,26.3,25.975,26.2,23.8585,4317352
2015-08-14,26.26,26.42,26.13,26.38,24.0223,1998548
2015-08-17,26.31,26.48,26.08,26.28,23.9313,1746154
2015-08-18,26.29,26.58,26.19,26.56,24.1863,2415248
2015-08-19,26.43,26.57,26.23,26.26,23.9134,4322968
2015-08-20,26.05,26.29,25.33,25.33,23.0662,3193836
2015-08-21,25.02,25.11,24.57,24.57,22.3743,4203142
2015-08-24,23.58,24.1,21.14,23.03,20.9717,8454778
2015-08-25,23.8,24.08,23.07,23.1,21.0358,5607825
2015-08-26,24,24.45,23.45,24.19,22.0282,6358491
2015-08-27,24.65,24.99,24.37,24.48,22.2922,5251744
2015-08-28,24.67,24.885,24.37,24.69,22.4834,3097233
2015-08-31,24.62,24.94,24.5,24.82,22.6018,3553069
2015-09-01,24.47,24.59,23.52,23.69,21.5729,5046606
2015-09-02,23.98,24.33,23.44,24.13,21.9737,5658439
2015-09-03,24.3,24.79,24.21,24.5,22.3104,3093782
2015-09-04,24.24,24.43,23.96,24.09,21.9373,2295028
2015-09-08,24.6,24.63,24.215,24.63,22.429,3484881
2015-09-09,24.78,24.99,24.365,24.4,22.2196,3949782
2015-09-10,24.3,24.6358,24.22,24.44,22.2557,2010768
2015-09-11,24.3,24.54,24.06,24.32,22.1463,3544773
2015-09-14,24.28,24.67,24.25,24.41,22.2285,2459336
2015-09-15,24.45,25.14,24.422,25.03,22.793,2882159
2015-09-16,24.93,25.06,24.635,24.88,22.6567,3541780
2015-09-17,24.84,24.96,23.68,24.04,21.8917,5433093
2015-09-18,23.69,23.99,23.22,23.75,21.6273,11030892
2015-09-21,23.95,24.14,23.72,23.9,21.764,3422641
2015-09-22,23.5,23.67,23.42,23.6,21.491,2220046
2015-09-23,23.75,23.79,23.275,23.34,21.254,3662143
2015-09-24,23.06,23.32,23,23.24,21.163,3495066
2015-09-25,23.63,23.82,23.48,23.61,21.4998,4083193
2015-09-28,23.4,23.56,22.6,22.63,20.6074,5404797
2015-09-29,22.76,23.44,22.565,23.22,21.1448,5979255
2015-09-30,23.66,25.23,23.39,23.86,21.7275,5608536
2015-10-01,23.75,24.02,23.37,23.5,21.3997,3214144
2015-10-02,22.99,23.48,22.48,23.41,21.3178,7919401
2015-10-05,23.64,23.83,23.32,23.72,21.6001,6639618
2015-10-06,23.66,23.83,23.3,23.36,21.2723,3616485
2015-10-07,23.52,23.565,23.18,23.44,21.3453,4528843
2015-10-08,23.43,23.64,23.24,23.52,21.418,4248742
2015-10-09,23.49,23.82,23.36,23.46,21.3634,3645113
2015-10-12,23.46,23.69,23.39,23.56,21.4544,1949132
2015-10-13,23.5,23.62,23.38,23.46,21.3634,2278114
2015-10-14,23.35,23.49,22.79,22.91,20.8624,2973536
2015-10-15,23.04,23.59,22.94,23.52,21.418,3083891
2015-10-16,23.62,23.78,23.22,23.22,21.1448,4212344
2015-10-19,23.2,23.49,23.03,23.23,21.154,3846652
2015-10-20,23.23,23.6,23.16,23.39,21.2995,4082217
2015-10-21,23.48,23.865,23.17,23.17,21.0991,3922984
2015-10-22,23.26,23.62,22.87,22.87,20.826,9977712
2015-10-23,23.55,24.3,23.21,24.22,22.0554,9488362
2015-10-26,24.25,24.49,23.56,23.6,21.491,4690049
2015-10-27,23.42,23.8,23.27,23.53,21.4272,4038042
2015-10-28,23.52,24.44,23.52,24.18,22.0189,5537429
2015-10-29,24.18,24.43,24.01,24.11,21.9554,4366124
2015-10-30,23.75,24.39,23.73,24.3,22.1283,50057616
2015-11-02,24.58,24.7,24.12,24.45,22.265,14762883
2015-11-03,24.46,24.62,24.14,24.42,22.3289,6333828
2015-11-04,24.55,24.74,24.2,24.53,22.4297,11117454
2015-11-05,24.47,24.93,24.44,24.61,22.5029,10044551
2015-11-06,25.47,25.97,25.12,25.73,23.5268,16322334
2015-11-09,25.73,26.05,25.48,25.87,23.6549,10013793
2015-11-10,25.87,26.09,25.77,26,23.7737,14272576
2015-11-11,26,26.13,25.89,26.09,23.856,6577571
2015-11-12,25.75,25.95,25.49,25.51,23.3257,8336209
2015-11-13,25.49,25.6,25.22,25.53,23.3439,9834203
2015-11-16,25.6,25.72,25.27,25.68,23.481,6910850
2015-11-17,25.72,25.91,25.52,25.6,23.4079,4455494
2015-11-18,25.73,26.22,25.61,26.2,23.9566,5740149
2015-11-19,26.1,26.24,25.9,26.12,23.8832,3415426
2015-11-20,26.31,26.31,25.87,26.02,23.792,3096774
2015-11-23,25.97,26.18,25.67,25.74,23.5359,4369367
2015-11-24,25.64,26.15,25.51,26.13,23.8927,4961056
2015-11-25,26.13,26.28,25.937,26.26,24.0113,4382771
2015-11-27,26.23,26.5,26.145,26.39,24.1303,2250585
2015-11-30,26.43,26.65,26.255,26.63,24.3498,9731830
2015-12-01,26.81,26.87,26.28,26.5,24.2309,6003052
2015-12-02,26.75,26.86,26.46,26.64,24.3586,10319973
2015-12-03,26.83,26.84,26.38,26.47,24.2033,10031704
2015-12-04,26.69,27.14,26.46,27.12,24.7978,5481809
2015-12-07,27.1,27.17,26.365,26.51,24.2399,5337872
2015-12-08,26.25,26.55,26.09,26.41,24.1485,4656418
2015-12-09,26.33,26.74,25.79,26.1,23.8649,6760607
2015-12-10,26.1,26.57,26.04,26.3,24.0479,3559700
2015-12-11,25.96,26.17,25.37,25.61,23.4171,6501257
2015-12-14,25.74,25.96,25.4,25.72,23.5176,5119776
2015-12-15,26.18,26.7,26.04,26.54,24.2674,5446091
2015-12-16,26.75,27.02,25.93,26.91,24.6057,9246998
2015-12-17,26.91,27.08,26.425,26.48,24.2125,5395134
2015-12-18,26.39,26.45,25.84,25.9,23.6821,10143885
2015-12-21,26.14,26.34,25.731,26.03,23.801,4147933
2015-12-22,26.16,26.46,25.7,26.25,24.0022,5388913
2015-12-23,26.35,26.54,26.17,26.52,24.2492,3890878
2015-12-24,26.45,26.68,26.37,26.6,24.3222,1072633
2015-12-28,26.44,26.47,26.08,26.41,24.1485,2238780
2015-12-29,26.54,26.805,26.49,26.62,24.3405,2872003
2015-12-30,26.49,26.66,26.26,26.3,24.0479,2062938
2015-12-31,26.22,26.49,26.14,26.19,23.9474,2307032
2016-01-04,25.71,25.99,25.455,25.8,23.5908,5598680
2016-01-05,25.77,25.95,25.52,25.68,23.481,6389320
2016-01-06,25.3,25.53,25.15,25.28,23.1151,5418826
2016-01-07,24.79,24.915,24.3,24.59,22.4844,4976747
2016-01-08,24.81,24.88,23.66,23.82,21.7803,10583671
2016-01-11,24.18,24.24,23.67,23.9,21.8533,6981390
2016-01-12,24.1,24.15,23.59,23.9,21.8533,7081660
2016-01-13,24.08,24.15,22.955,23.22,21.2316,8078080
2016-01-14,23.34,23.38,22.6,22.9,20.9392,9374018
2016-01-15,22.19,22.47,21.7,22.32,20.4089,12940826
2016-01-19,22.6,22.705,22.04,22.23,20.3264,9794335
2016-01-20,21.87,21.97,21,21.6,19.7505,11156408
2016-01-21,21.63,21.84,21.125,21.33,19.5036,9819577
2016-01-22,21.65,21.8,19.75,20.78,19.0007,23182214
2016-01-25,20.78,20.915,19.73,19.79,18.0955,12599250
2016-01-26,19.97,20.57,19.97,20.29,18.5526,16250899
2016-01-27,20.98,21.61,20.8,21.21,19.3939,33935556
2016-01-28,21.5,21.85,21.14,21.74,19.8785,21318123
2016-01-29,21.88,21.95,21.25,21.25,19.4305,94875312
2016-02-01,21.11,21.21,20.56,20.78,19.0007,10618374
2016-02-02,20.51,20.62,20.08,20.21,18.5687,12990517
2016-02-03,20.27,20.305,19.25,20.05,18.4217,14336067
2016-02-04,20.04,20.55,19.89,20.23,18.5871,9247739
2016-02-05,20.26,20.62,19.76,19.85,18.238,8105887
2016-02-08,19.52,19.74,18.95,19.2,17.6408,10227045
2016-02-09,18.93,19.61,18.89,19.55,17.9624,10511868
2016-02-10,19.63,19.76,18.795,18.86,17.3285,10445868
2016-02-11,18.45,18.65,18.04,18.14,16.6669,8392723
2016-02-12,18.6,18.99,18.32,18.89,17.356,9360754
2016-02-16,19.15,19.755,18.9,19.36,17.7877,8897699
2016-02-17,19.59,20.25,19.45,19.65,18.054,9440450
2016-02-18,19.67,19.81,18.96,19.11,17.5582,7980708
2016-02-19,19.11,19.3,18.885,19.24,17.6777,4536115
2016-02-22,19.57,19.82,19.44,19.8,18.1922,4789683
2016-02-23,19.73,19.81,19.095,19.37,17.7971,6184355
2016-02-24,19,19.16,18.775,19,17.4571,5749510
2016-02-25,19.02,19.22,18.83,19.18,17.6222,6750619
2016-02-26,19.3,20.11,18.99,19.74,18.1371,11218643
2016-02-29,19.66,19.8,19.18,19.23,17.6685,4248108
2016-03-01,19.33,20.28,19.315,20.27,18.6238,7856768
2016-03-02,20.24,21.095,20.16,20.96,19.258,8907820
2016-03-03,20.85,21.5599,20.82,21.44,19.699,8729101
2016-03-04,21.64,22.23,21.585,21.93,20.1492,7150182
2016-03-07,21.7,21.86,21.41,21.53,19.7815,6164007
2016-03-08,21.26,21.26,20.53,20.92,19.2209,9761939
2016-03-09,21.1,21.23,20.56,20.7,19.0191,5653364
2016-03-10,20.88,21.23,20.58,21.01,19.3038,5182233
2016-03-11,21.34,21.935,21.29,21.91,20.1308,5958877
2016-03-14,21.81,22.16,21.6,22.09,20.296,4860811
2016-03-15,21.82,22.22,21.63,22.19,20.3879,5750149
2016-03-16,22.01,22.55,21.58,21.61,19.8549,8255765
2016-03-17,21.5,21.815,21.13,21.73,19.9653,7425106
2016-03-18,21.93,22.24,21.76,22.08,20.2871,10236635
2016-03-21,22.11,22.25,21.73,22,20.2134,3721890
2016-03-22,21.86,22.07,21.56,21.93,20.1492,3745798
2016-03-23,21.93,21.965,21.55,21.69,19.9287,3020086
2016-03-24,21.44,21.7,21.22,21.59,19.8366,3906765
2016-03-28,21.67,21.73,21.27,21.39,19.6532,3613668
2016-03-29,21.23,21.38,20.79,21.2,19.4784,5997208
2016-03-30,21.21,21.355,20.98,21.25,19.5243,6099991
2016-03-31,21.2,21.21,20.74,20.95,19.2486,4954843
2016-04-01,20.92,21.38,20.63,21.35,19.6163,4556757
2016-04-04,21.3,21.65,21.115,21.51,19.7631,4721722
2016-04-05,21.28,21.345,20.69,20.76,19.0743,6993184
2016-04-06,20.74,21.36,20.55,21.34,19.6071,6861695
2016-04-07,21.12,21.25,20.53,20.79,19.1016,6302281
2016-04-08,20.96,21.35,20.78,20.87,19.1752,5449882
2016-04-11,21.03,21.45,21.02,21.04,19.3316,2854345
2016-04-12,21.16,21.545,21.14,21.51,19.7631,4149325
2016-04-13,21.75,22.74,21.66,22.6,20.7648,6202632
2016-04-14,22.58,23.28,22.45,22.82,20.9667,5943774
2016-04-15,22.77,22.88,22.41,22.55,20.7187,5015496
2016-04-18,22.4,22.77,22.25,22.72,20.875,3604564
2016-04-19,22.73,23.375,22.73,23.1,21.2241,8796360
2016-04-20,23.13,23.43,22.99,23.36,21.4629,7534540
2016-04-21,23.74,24.24,23.48,23.53,21.6192,8222281
2016-04-22,23.62,23.77,23.48,23.62,21.7018,5180593
2016-04-25,23.58,23.63,23.13,23.38,21.4813,3325856
2016-04-26,23.48,23.645,23.33,23.55,21.6377,4066126
2016-04-27,23.52,23.83,23.345,23.62,21.7018,4806546
2016-04-28,23.4,23.65,23.135,23.24,21.3527,3265875
2016-04-29,23.08,23.26,22.71,22.85,20.9944,5315033
2016-05-02,22.84,23.09,22.57,23.06,21.298,3123289
2016-05-03,22.68,22.75,22.29,22.51,20.7901,3869215
2016-05-04,22.25,22.34,21.635,21.99,20.31,5202137
2016-05-05,22,22.2,21.78,22.11,20.4207,4871171
2016-05-06,21.91,22.22,21.77,22.09,20.4022,3713931
2016-05-09,22.03,22.22,21.83,21.85,20.1804,2712382
2016-05-10,21.94,22.52,21.82,22.36,20.6517,10159336
2016-05-11,22.36,22.63,22.19,22.2,20.5038,3652437
2016-05-12,22.36,22.47,21.6,21.76,20.0976,5748752
2016-05-13,22,22.22,21.25,21.4,19.7649,6510217
2016-05-16,21.42,21.9,21.3,21.71,20.0512,4284660
2016-05-17,21.59,22.09,21.46,21.82,20.153,4167655
2016-05-18,21.74,23.14,21.74,23.13,21.3628,9873205
2016-05-19,22.94,23.485,22.62,22.9,21.1502,4818798
2016-05-20,22.99,23.41,22.86,22.98,21.2243,3933631
2016-05-23,22.97,23.11,22.72,22.97,21.215,2941438
2016-05-24,23.12,23.57,23.03,23.25,21.4736,3165566
2016-05-25,23.4,23.855,23.26,23.69,21.8801,6771547
2016-05-26,23.68,23.71,23.27,23.35,21.5661,4663400
2016-05-27,23.43,23.62,23.26,23.59,21.7877,3513535
2016-05-31,23.76,23.81,23.35,23.55,21.7508,6726893
2016-06-01,23.28,23.71,22.96,23.6,21.7969,3952197
2016-06-02,23.55,23.88,23.29,23.83,22.0094,3508196
2016-06-03,22.83,23.23,22.52,23.14,21.3719,7799762
2016-06-06,23.24,23.67,23.15,23.47,21.6769,5449887
2016-06-07,23.46,23.7,23.32,23.48,21.6862,3722474
2016-06-08,23.49,23.69,23.36,23.46,21.6676,3343393
2016-06-09,23.26,23.26,22.81,22.88,21.1318,4449397
2016-06-10,22.55,22.69,22.27,22.46,20.7441,4677612
2016-06-13,22.31,22.72,22.05,22.08,20.393,5179736
2016-06-14,22.01,22.18,20.94,21.31,19.6819,8924669
2016-06-15,21.44,21.84,21.3,21.36,19.728,6084902
2016-06-16,21.16,21.19,20.83,20.94,19.34,4987969
2016-06-17,21,21.235,20.92,21.1,19.4879,9967994
2016-06-20,21.53,21.82,21.25,21.31,19.6819,6019362
2016-06-21,21.33,21.59,21.06,21.55,19.9036,6220181
2016-06-22,21.52,21.82,21.34,21.37,19.7374,4140742
2016-06-23,21.75,22.13,21.69,22.12,20.43,5342832
2016-06-24,20.47,20.82,19.95,19.95,18.4257,21596271
2016-06-27,19.56,19.56,18.34,18.44,17.031,13062459
2016-06-28,18.91,19.28,18.615,18.97,17.5208,23334893
2016-06-29,19.25,19.59,18.86,19.52,18.0287,8301046
2016-06-30,19.77,20.12,19.63,19.98,18.4536,10744060
2016-07-01,19.88,19.91,19.38,19.65,18.1486,5723874
2016-07-05,19.31,19.34,18.73,18.9,17.456,5693220
2016-07-06,18.65,19.01,18.58,18.99,17.5394,7896005
2016-07-07,18.99,19.44,18.99,19.42,17.9364,8140393
2016-07-08,19.79,20.01,19.525,19.85,18.3335,8867130
2016-07-11,20.03,20.225,19.94,20.12,18.5827,4953424
2016-07-12,20.45,20.69,20.36,20.44,18.8785,6519902
2016-07-13,20.37,20.605,20.21,20.56,18.9891,3949308
2016-07-14,21,21.36,20.82,20.99,19.3862,4670563
2016-07-15,21.14,21.27,20.95,20.98,19.3769,5157307
2016-07-18,20.94,21.08,20.74,20.98,19.3769,8284919
2016-07-19,20.77,21.18,20.77,21.03,19.4232,5204837
2016-07-20,21.06,21.53,20.84,21.32,19.6911,8470988
2016-07-21,22.26,22.5,21.515,21.68,20.0236,12969693
2016-07-22,21.75,22,21.61,21.8,20.1344,6390709
2016-07-25,21.74,22.07,21.74,22.03,20.3467,5910735
2016-07-26,21.99,22.56,21.91,22.49,20.7716,6197893
2016-07-27,22.47,22.75,22.25,22.58,20.8549,8847093
2016-07-28,22.55,22.73,22.305,22.45,20.7347,6201336
2016-07-29,22.37,22.7301,22.28,22.33,20.6241,4011661
2016-08-01,22.25,22.525,22.12,22.2,20.6153,4848107
2016-08-02,22.16,22.44,21.92,22.05,20.476,5918515
2016-08-03,22.07,22.48,22,22.46,20.8568,4841279
2016-08-04,22.45,22.725,22.45,22.61,20.996,5901696
2016-08-05,22.95,23.45,22.86,23.39,21.7202,7330956
2016-08-08,23.49,23.69,23.38,23.45,21.7761,5396536
2016-08-09,23.38,23.59,23.28,23.49,21.8132,5153083
2016-08-10,23.45,23.53,23.16,23.25,21.5904,3478403
2016-08-11,23.29,23.52,23.1475,23.4,21.7296,3690978
2016-08-12,23.22,23.29,22.96,23.27,21.6089,3080134
2016-08-15,23.42,23.68,23.35,23.54,21.8597,4491218
2016-08-16,23.35,23.665,23.321,23.39,21.7202,4756536
2016-08-17,23.32,23.54,23.3189,23.44,21.7669,4241687
2016-08-18,23.46,23.595,23.32,23.39,21.7202,3797341
2016-08-19,23.31,23.62,23.2,23.58,21.8969,2948761
2016-08-22,23.56,23.62,23.37,23.5,21.8224,3139056
2016-08-23,23.63,23.7599,23.505,23.53,21.8503,4698184
2016-08-24,23.58,23.75,23.43,23.49,21.8132,4032565
2016-08-25,23.47,23.695,23.37,23.64,21.9526,2293573
2016-08-26,23.7,24.16,23.64,24.12,22.3983,6155047
2016-08-29,24.2,24.69,24.18,24.46,22.7139,6644579
2016-08-30,24.52,24.81,24.08,24.73,22.9646,4555296
2016-08-31,24.75,24.8,24.425,24.77,23.0018,6701934
2016-09-01,24.86,24.96,24.295,24.52,22.7697,4631168
2016-09-02,24.59,24.875,24.41,24.68,22.9183,4892083
2016-09-06,24.67,24.73,24.165,24.3,22.5653,4998250
2016-09-07,24.24,24.6425,24.15,24.57,22.8163,3645353
2016-09-08,24.62,24.94,24.505,24.92,23.1411,4293836
2016-09-09,24.73,25.07,24.7,24.81,23.0389,7103167
2016-09-12,24.6,25.11,24.33,25.07,23.2805,6584001
2016-09-13,24.72,24.79,24.22,24.62,22.8625,6656558
2016-09-14,24.61,24.82,24.35,24.4,22.6582,4671247
2016-09-15,24.31,24.62,24.26,24.48,22.7326,5127004
2016-09-16,24.26,24.32,23.94,24.1,22.3796,8753901
2016-09-19,24.27,24.53,24.11,24.19,22.4634,4027867
2016-09-20,24.39,24.45,23.975,24.17,22.4446,4080291
2016-09-21,24.35,24.535,24.08,24.31,22.5748,3832624
2016-09-22,24.39,24.495,24.16,24.24,22.5097,4438076
2016-09-23,24.16,24.565,24.11,24.41,22.6676,4935688
2016-09-26,24.19,24.27,23.84,23.96,22.2496,4708061
2016-09-27,23.9,24.33,23.81,24.31,22.5748,3868548
2016-09-28,24.31,24.47,23.89,24.41,22.6676,8700337
2016-09-29,24.47,24.59,23.84,24.05,22.3333,5070188
2016-09-30,24.28,24.82,24.12,24.71,22.946,6661489
2016-10-03,24.57,24.72,24.42,24.6,22.844,3174242
2016-10-04,24.67,25.34,24.64,24.99,23.2061,5959264
2016-10-05,25.15,25.68,25.05,25.57,23.7448,5297839
2016-10-06,25.59,25.79,25.33,25.69,23.8563,3921449
2016-10-07,25.7,25.8,25.22,25.5,23.6797,4944021
2016-10-10,25.79,25.909,25.49,25.54,23.717,3131214
2016-10-11,25.54,25.76,24.83,24.96,23.1784,7271504
2016-10-12,24.99,25.485,24.95,25.25,23.4477,4079366
2016-10-13,24.94,24.955,24.22,24.52,22.7697,4792400
2016-10-14,24.92,25.1,24.61,24.79,23.0203,3592622
2016-10-17,24.84,25,24.435,24.58,22.8253,3493837
2016-10-18,24.93,24.95,24.56,24.85,23.0762,3373867
2016-10-19,24.93,25.405,24.93,25.3,23.4942,3578864
2016-10-20,25.19,25.74,25.14,25.55,23.7262,6624295
2016-10-21,25.68,26.09,25.5,25.97,24.1163,4308429
2016-10-24,26.36,26.49,26.17,26.35,24.4692,5127085
2016-10-25,26.4,26.545,26.19,26.46,24.5714,4255926
2016-10-26,26.37,26.87,26.34,26.87,24.952,4994898
2016-10-27,27.06,27.21,26.77,26.87,24.952,5738041
2016-10-28,26.87,26.89,26.21,26.35,24.4692,7858869
2016-10-31,26.38,26.54,26.25,26.34,24.5719,5903355
2016-11-01,26.52,26.85,26.34,26.84,25.0381,7868825
2016-11-02,26.63,26.66,25.87,26.1,24.348,8422611
2016-11-03,26.26,26.505,26.155,26.27,24.5064,4931416
2016-11-04,26.26,26.76,25.975,26.41,24.637,3643471
2016-11-07,26.94,27.37,26.94,27.35,25.514,5132469
2016-11-08,26.82,27.155,26.46,26.95,25.1407,5125092
2016-11-09,27.29,28.44,27.2,28.2,26.307,12784899
2016-11-10,28.66,30,28.66,29.6,27.613,12026144
2016-11-11,29.42,30,29.05,29.85,27.846,16252822
2016-11-14,30.13,31.01,30.085,30.88,28.8071,14672007
2016-11-15,30.5,31.165,30.09,30.94,28.863,10089906
2016-11-16,30.35,30.79,30.26,30.73,28.667,7471522
2016-11-17,30.73,31.8,30.69,31.73,29.5999,9743724
2016-11-18,31.81,32.135,31.65,31.97,29.8238,8228335
2016-11-21,32.23,32.23,31.7,31.93,29.7864,4587275
2016-11-22,32.17,32.26,31.775,31.92,29.7772,8293926
2016-11-23,31.99,32.63,31.82,32.4,30.2249,5689655
2016-11-25,32.39,32.46,32.25,32.46,30.2809,1506994
2016-11-28,32.14,32.36,31.69,31.78,29.6465,5531038
2016-11-29,31.96,32.585,31.86,32.39,30.2155,5712861
2016-11-30,33.05,33.7,33.05,33.51,31.2603,7345119
2016-12-01,33.87,34.91,33.83,34.38,32.072,7613635
2016-12-02,34.54,34.54,33.81,34.15,31.8574,5881837
2016-12-05,34.55,34.75,33.89,34.15,31.8574,6612004
2016-12-06,34.61,34.81,34.22,34.7,32.3706,4585330
2016-12-07,34.73,35.08,34.125,35.06,32.7063,6267157
2016-12-08,35.37,35.75,34.76,35.54,33.154,6598605
2016-12-09,35.54,35.59,34.87,35.51,33.1262,4745864
2016-12-12,35.08,35.69,34.76,35.01,32.6596,4836055
2016-12-13,35.15,35.2,34.13,34.8,32.4638,6048221
2016-12-14,34.43,35.81,34.16,34.63,32.3053,7098408
2016-12-15,35.12,35.81,34.58,35.4,33.0235,6350220
2016-12-16,35.71,36.05,35.12,35.32,32.9489,13133350
2016-12-19,35.3,35.42,34.861,35.37,32.9954,5258323
2016-12-20,35.72,36.13,35.58,36.08,33.6579,3430691
2016-12-21,36.05,36.1,35.695,36.02,33.6019,2900265
2016-12-22,36.02,36.16,35.86,36,33.5832,3788417
2016-12-23,36.02,36.33,35.91,36.33,33.8911,1896804
2016-12-27,36.39,36.56,36.17,36.46,34.0124,1936175
2016-12-28,36.48,36.5188,35.88,36,33.5832,2837804
2016-12-29,35.95,36.02,35.235,35.28,32.9115,3783589
2016-12-30,35.34,35.67,35.15,35.63,33.2381,3394322
2017-01-03,36.44,37.08,35.56,35.86,33.4525,5046074
2017-01-04,36.03,36.25,35.83,36.17,33.7417,4354910
2017-01-05,36.02,36.255,35.225,35.72,33.322,3725212
2017-01-06,35.91,36.08,35.71,35.91,33.4993,3623516
2017-01-09,35.63,35.83,35.15,35.68,33.2847,3035709
2017-01-10,35.88,36.37,35.8,36.28,33.8445,3730357
2017-01-11,36.17,36.37,35.84,36.27,33.8351,4273259
2017-01-12,36.1,36.14,35.165,35.92,33.5086,3961655
2017-01-13,36.2,36.98,35.9,36.29,33.8538,5200780
2017-01-17,35.83,35.91,33.97,34.12,31.8294,8472301
2017-01-18,34.36,35.02,33.8,34.99,32.6411,6386108
2017-01-19,34.93,35.425,34.41,34.73,32.3985,5737292
2017-01-20,35.56,36.18,35.3,35.82,33.4154,8164516
2017-01-23,35.6,35.97,35.38,35.89,33.4807,4893724
2017-01-24,35.96,36.41,35.875,36.3,33.8633,6052454
2017-01-25,36.76,37.54,36.673,37.52,35.0012,5714208
2017-01-26,37.51,37.95,37.21,37.54,35.0197,4795764
2017-01-27,37.43,37.48,36.87,36.99,34.5067,4278555
2017-01-30,36.54,36.76,35.9,36.53,34.0777,4981902
2017-01-31,36.33,36.87,35.87,36.17,33.8715,4774894
2017-02-01,36.54,37.16,36.385,36.49,34.1712,4795907
2017-02-02,36.19,36.22,35.65,36.04,33.75,4356559
2017-02-03,36.81,36.905,36.36,36.79,34.4522,3873692
2017-02-06,36.31,36.92,36.21,36.47,34.1527,4633578
2017-02-07,36.6,36.81,36.325,36.59,34.2649,3815843
2017-02-08,36.25,36.28,35.24,35.35,33.1038,8451798
2017-02-09,35.58,36.275,35.21,36.24,33.9371,5730961
2017-02-10,36.15,36.53,36.09,36.42,34.1058,3283755
2017-02-13,36.81,37.2,36.71,36.92,34.574,3506175
2017-02-14,36.92,38.07,36.77,37.98,35.5667,5148596
2017-02-15,38.1,38.43,37.76,38.37,35.9318,3841115
2017-02-16,38.11,38.395,37.98,38.25,35.8195,2756895
2017-02-17,37.72,37.84,37.45,37.84,35.4354,5495882
2017-02-21,38.01,38.23,37.615,38.05,35.6321,4622419
2017-02-22,37.81,37.94,37.51,37.67,35.2762,5248697
2017-02-23,37.84,37.86,36.77,37.25,34.883,5960935
2017-02-24,36.75,37.16,36.46,36.65,34.3212,7559256
2017-02-27,36.77,37.26,36.66,37.19,34.8269,4015415
2017-02-28,37,37.435,36.82,37.37,34.9954,4450208
2017-03-01,38.42,39.75,38.34,39.59,37.0742,7133705
2017-03-02,39.68,39.74,38.01,38.05,35.6321,5930197
2017-03-03,38.24,38.53,38.13,38.31,35.8756,4489447
2017-03-06,38.07,38.45,37.75,38.27,35.8382,2721722
2017-03-07,38.22,38.35,37.76,37.97,35.5572,2628290
2017-03-08,38.57,38.64,37.77,37.85,35.4449,3445588
2017-03-09,37.99,38.26,37.54,37.73,35.3324,2948870
2017-03-10,38.06,38.14,36.97,37.64,35.2484,4472991
2017-03-13,37.59,37.87,37.2886,37.37,34.9954,4176324
2017-03-14,37.2,37.26,36.73,37.19,34.8269,3378105
2017-03-15,37.4,37.63,36.65,36.78,34.4428,5339984
2017-03-16,37.06,37.31,36.77,37.1,34.7426,3363746
2017-03-17,37.05,37.2,36.42,36.62,34.293,13510146
2017-03-20,36.5,36.65,36.1,36.23,33.9279,5881912
2017-03-21,36.52,36.61,34.21,34.36,32.1767,7594756
2017-03-22,34.12,34.9,33.45,34.43,32.2422,7066744
2017-03-23,34.3,35.27,34.06,34.57,32.3733,4736803
2017-03-24,34.79,34.93,34.02,34.51,32.3172,4923007
2017-03-27,33.45,34.31,32.99,34.24,32.0644,5075264
2017-03-28,34.08,35.29,34.05,35.03,32.804,4379412
2017-03-29,35,35.18,33.86,34.49,32.2986,11159005
2017-03-30,34.55,35.25,34.31,34.88,32.6636,5519289
2017-03-31,34.67,35.03,34.41,34.55,32.3545,5060880
2017-04-03,34.64,35,34.09,34.82,32.6074,5149443
2017-04-04,34.57,35.15,34.4,34.9,32.6824,4646104
2017-04-05,35.34,35.55,34.37,34.38,32.1954,4949100
2017-04-06,34.37,35.04,34.15,34.92,32.7011,3104308
2017-04-07,34.54,34.91,34.3,34.63,32.4294,3748075
2017-04-10,34.62,35.09,34.2,34.38,32.1954,3944929
2017-04-11,34.12,34.38,33.63,34.38,32.1954,4157559
2017-04-12,34.29,34.34,33.5,33.73,31.5868,4051829
2017-04-13,33.56,34.14,33.24,33.24,31.128,3882518
2017-04-17,33.28,33.96,33.135,33.92,31.7647,3349579
2017-04-18,33.64,34.09,33.35,33.7,31.5585,4819030
2017-04-19,34.04,34.4867,33.89,34.22,32.0456,7394225
2017-04-20,34.65,35.75,34.65,35.27,33.0288,5213078
2017-04-21,35.28,35.5,34.525,34.9,32.6824,7131085
2017-04-24,36.09,36.57,35.655,35.85,33.5719,7965255
2017-04-25,36.48,36.65,36.15,36.45,34.1339,7075109
2017-04-26,36.34,37.1,36.32,36.8,34.4616,5828281
2017-04-27,36.82,36.94,36.25,36.77,34.4336,7425976
2017-04-28,36.77,37.25,36.59,36.71,34.3772,7819539
2017-05-01,36.99,37.48,36.9,37.13,34.9024,4659405
2017-05-02,37.09,37.33,36.53,36.84,34.6298,3858199
2017-05-03,36.6,37.3,36.46,37.21,34.9774,3537323
2017-05-04,37.68,38.01,37.27,37.34,35.0997,3838626
2017-05-05,37.42,37.49,36.83,36.97,34.7517,3105305
2017-05-08,37.02,37.62,37.02,37.36,35.1184,2760631
2017-05-09,37.41,37.69,37.02,37.18,34.9492,2615916
2017-05-10,37.05,37.25,36.83,37.21,34.9774,2499718
2017-05-11,37.04,37.175,36.51,37,34.78,2632203
2017-05-12,36.8,36.8,36,36.65,34.451,3345115
2017-05-15,36.72,37.08,36.63,37.02,34.7989,3529945
2017-05-16,37.09,37.31,36.72,37.08,34.8552,3486236
2017-05-17,35.48,36.07,34.35,34.57,32.4959,9944750
2017-05-18,34.32,35.03,34.32,34.46,32.3924,6107738
2017-05-19,34.69,35.01,34.43,34.57,32.4959,5270214
2017-05-22,34.79,34.96,34.291,34.57,32.4959,4214528
2017-05-23,34.68,35.29,34.41,35.09,32.9844,4377634
2017-05-24,35.19,35.19,34.45,34.63,32.5521,4148418
2017-05-25,34.7,34.97,34.45,34.57,32.4959,3954010
2017-05-26,34.51,34.82,34.34,34.64,32.5617,4866795
2017-05-30,34.42,34.51,34.12,34.25,32.195,6637351
2017-05-31,34.34,34.39,33.49,34.1,32.054,5854228
2017-06-01,34.27,34.7,33.97,34.5,32.43,4073734
2017-06-02,34.18,34.4,33.76,34.13,32.0824,5804109
2017-06-05,34.18,34.48,33.97,33.98,31.9412,4939852
2017-06-06,33.64,34.08,33.4,33.86,31.8285,3277145
2017-06-07,34.05,34.71,33.81,34.52,32.4487,3642313
2017-06-08,34.53,36.03,34.39,35.62,33.4827,5832431
2017-06-09,35.89,36.7399,35.87,36.34,34.1596,4731028
2017-06-12,36.35,36.98,36.2,36.61,34.4134,6392409
2017-06-13,36.88,37.18,36.71,36.88,34.6673,3774569
2017-06-14,36.54,36.605,35.61,36.58,34.3854,5384254
2017-06-15,36.33,36.995,36.32,36.71,34.5074,3167843
2017-06-16,36.75,36.78,36.29,36.37,34.188,5086316
2017-06-19,36.65,36.99,36.38,36.55,34.357,3136785
2017-06-20,36.29,36.49,35.84,35.94,33.7836,3048601
2017-06-21,36.05,36.06,35.15,35.2,33.088,3832911
2017-06-22,35.14,35.2,34.535,34.98,32.8813,4440867
2017-06-23,35.14,35.21,34.05,34.49,32.4207,11276065
2017-06-26,34.6,35,34.4,34.66,32.5805,6672345
2017-06-27,34.92,35.28,34.72,34.84,32.7495,3571098
2017-06-28,35.18,35.65,35.1,35.34,33.2197,5225277
2017-06-29,36.18,36.73,35.18,35.65,33.511,5573660
2017-06-30,35.89,36.01,35.29,35.68,33.5393,3281208
2017-07-03,35.89,36.755,35.76,36.54,34.3477,2328727
2017-07-05,36.66,37.055,36.21,36.88,34.6673,5212889
2017-07-06,36.87,37.25,36.53,36.6,34.4041,4151233
2017-07-07,36.73,37.13,36.39,37.07,34.8459,4086568
2017-07-10,36.93,37.25,36.71,37.05,34.8271,4071760
2017-07-11,37.11,37.21,36.56,36.73,34.5262,3533896
2017-07-12,36.6,36.61,36.08,36.52,34.3289,3105304
2017-07-13,36.64,36.93,36.4,36.85,34.6389,2895562
2017-07-14,36.22,36.46,35.79,36.24,34.0656,3606454
2017-07-17,36.16,36.36,35.88,36.09,33.9245,2913999
2017-07-18,35.81,35.8868,35.29,35.59,33.4546,3338405
2017-07-19,35.78,35.78,34.91,35.27,33.1537,3632197
2017-07-20,35.25,35.415,34.82,35.25,33.135,4893547
2017-07-21,35.19,35.9,34.325,34.48,32.4113,6953207
2017-07-24,34.55,35.58,34.5,35.45,33.3231,4736260
2017-07-25,36.14,36.32,35.695,35.85,33.699,5392474
2017-07-26,36.01,36.03,35,35.17,33.0598,4156397
2017-07-27,35.25,35.51,34.695,35.04,32.9378,5039644
2017-07-28,35.04,35.21,34.75,34.94,32.8435,2786006
2017-07-31,35,35.27,34.835,35.08,33.1454,3430428
2017-08-01,35.37,35.4,34.965,35.22,33.2776,3066255
2017-08-02,35.19,35.625,35.12,35.62,33.6554,3555569
2017-08-03,35.53,35.655,35.15,35.22,33.2776,4182490
2017-08-04,35.62,36.3,35.53,35.62,33.6554,3751280
2017-08-07,35.62,35.72,35.34,35.35,33.4004,4100820
2017-08-08,35.27,36.06,35.215,35.34,33.3911,3549435
2017-08-09,34.96,35.09,34.7,35.03,33.098,2555144
2017-08-10,34.64,34.84,33.67,33.71,31.8509,4239889
2017-08-11,33.73,34.04,33.22,33.39,31.5484,4223715
2017-08-14,33.91,34.62,33.795,34.22,32.3327,3061751
2017-08-15,34.65,34.91,33.97,33.99,32.1154,3188829
2017-08-16,34.15,34.39,33.8,33.95,32.0776,2988907
2017-08-17,33.85,33.995,32.77,32.81,31.0005,4202270
2017-08-18,32.75,33.415,32.46,33.06,31.2367,3972342
2017-08-21,33.06,33.11,32.6,32.7,30.8966,6705196
2017-08-22,32.96,33.47,32.91,33.42,31.5768,4825348
2017-08-23,33.14,34,33.08,33.5,31.6523,3893949
2017-08-24,33.68,34.05,33.54,34,32.125,5454392
2017-08-25,34.11,34.37,33.84,33.85,31.9831,2763622
2017-08-28,33.94,33.98,33.29,33.47,31.6241,5160391
2017-08-29,32.92,33.43,32.67,33.31,31.4729,4448499
2017-08-30,33.34,33.8,33.34,33.39,31.5484,3180831
2017-08-31,33.59,33.65,33.11,33.13,31.3028,3633574
2017-09-01,33.28,33.9,33.15,33.61,31.7563,2883805
2017-09-05,33.41,33.45,32.51,32.65,30.8494,3952858
2017-09-06,32.89,33.18,32.61,32.77,30.9626,3997101
2017-09-07,32.69,32.74,31.51,32.08,30.3108,5216989
2017-09-08,32.12,33.02,32.12,32.81,31.0005,5448059
2017-09-11,33.24,33.77,33.08,33.46,31.6147,4412777
2017-09-12,33.63,34.75,33.61,34.48,32.5784,5623454
2017-09-13,34.3,34.955,34.22,34.69,32.7768,4051555
2017-09-14,34.96,35.34,34.74,34.78,32.8619,5507967
2017-09-15,34.69,35.17,34.42,35.16,33.2209,6697450
2017-09-18,35.18,35.72,35.13,35.59,33.6272,3552377
2017-09-19,35.62,36.01,35.47,35.82,33.8445,4242340
2017-09-20,35.85,35.976,35.035,35.79,33.8162,8886660
2017-09-21,35.83,36.385,35.81,36.27,34.2698,4439960
2017-09-22,36.09,36.52,36.03,36.35,34.3453,2596961
2017-09-25,36.32,36.66,36.06,36.46,34.4493,3923711
2017-09-26,36.54,37.01,36.36,36.82,34.7895,4180510
2017-09-27,37.52,37.645,37.115,37.22,35.1673,4290407
2017-09-28,37.35,37.43,36.78,37.07,35.0257,3760507
2017-09-29,37.17,38.055,37.055,37.87,35.7815,5707379
2017-10-02,37.53,37.7,36.92,37.22,35.1673,9024125
2017-10-03,37.25,37.4,36.74,36.84,34.8083,6926023
2017-10-04,36.12,36.77,36.1,36.57,34.5531,11398209
2017-10-05,36.68,37.33,36.47,37.13,35.0822,4741830
2017-10-06,37.31,37.68,37.07,37.49,35.4223,5040926
2017-10-09,37.6,37.81,37.14,37.31,35.2523,3696857
2017-10-10,37.34,37.86,37.275,37.81,35.7248,3644130
2017-10-11,37.58,37.74,37.18,37.45,35.3846,4005434
2017-10-12,37.54,37.68,37.04,37.16,35.1106,2885543
2017-10-13,37,37.335,36.51,36.98,34.9406,3742695
2017-10-16,37.04,37.3082,36.92,37.05,35.0067,3366185
2017-10-17,37.24,37.25,36.6,36.68,34.657,3307714
2017-10-18,36.88,37.32,36.65,37.18,35.1296,5669304
2017-10-19,36.8,37.53,36.68,37.43,35.3658,4632142
2017-10-20,38.35,38.7,37.74,38.33,36.216,6990167
2017-10-23,38.51,38.82,38.355,38.5,36.3768,8428438
2017-10-24,38.61,38.94,38.3,38.37,36.2539,6311983
2017-10-25,38.4,38.54,37.675,38.03,35.9325,5422655
2017-10-26,38.3,38.99,38.19,38.51,36.3862,4599947
2017-10-27,38.37,38.54,38.22,38.45,36.3294,2464713
2017-10-30,38.25,38.4,37.8925,38.08,35.9798,3720641
2017-10-31,37.97,38.345,37.91,38.01,36.0843,3200490
2017-11-01,38.21,38.98,38.12,38.37,36.4261,5282576
2017-11-02,38.26,38.875,37.9,38.74,36.7774,3353110
2017-11-03,38.68,39.1,38.53,38.82,36.8532,2949547
2017-11-06,38.69,38.9,38.48,38.72,36.7583,2233709
2017-11-07,38.8,38.99,37.55,37.67,35.7615,4868907
2017-11-08,37.45,37.57,36.98,37.31,35.4198,5045840
2017-11-09,36.97,37.32,36.46,36.81,34.945,4777128
2017-11-10,36.85,37.0816,36.62,36.68,34.8216,3615029
2017-11-13,36.47,37.28,36.25,37.2,35.3154,4720110
2017-11-14,37.02,38.14,36.92,38.07,36.1414,4903511
2017-11-15,37.68,38.35,37.4,38.14,36.2078,4190970
2017-11-16,38.5,38.74,37.91,37.92,35.9988,3584283
2017-11-17,37.65,38.37,37.57,38.17,36.2362,2096797
2017-11-20,38.31,38.49,38.1,38.25,36.3121,4023706
2017-11-21,38.37,38.37,37.79,37.9,35.9798,4695566
2017-11-22,38,38.245,37.8,37.83,35.9135,2848310
2017-11-24,38.02,38.09,37.615,37.75,35.8374,807183
2017-11-27,37.74,37.87,37.465,37.63,35.7235,2299751
2017-11-28,37.75,38.84,37.715,38.78,36.8152,5322117
2017-11-29,39.25,41.08,39.11,40.67,38.6096,8737030
2017-11-30,41.08,41.77,40.66,40.7,38.6381,13191012
2017-12-01,40.9,41.19,39.42,40.69,38.6286,6694642
2017-12-04,41.49,42.52,41.32,41.85,39.7296,6494481
2017-12-05,41.83,42.09,40.74,40.89,38.8184,6205616
2017-12-06,40.67,40.91,40.24,40.63,38.5716,4265187
2017-12-07,40.41,41.44,40.27,41.43,39.3311,4692245
2017-12-08,41.64,41.8,41.18,41.74,39.6253,3200238
2017-12-11,41.7,41.92,41.16,41.42,39.3215,3258264
2017-12-12,41.66,42.205,41.42,41.92,39.7963,4219265
2017-12-13,41.9,42.34,41.31,41.34,39.2456,3995198
2017-12-14,41.58,41.74,40.7,40.87,38.7994,3637708
2017-12-15,41.29,42.19,41.02,41.7,39.5872,9186237
2017-12-18,42.04,42.72,41.73,42.03,39.9006,4445876
2017-12-19,42.56,42.835,42.06,42.08,39.9481,5364821
2017-12-20,42.58,42.67,41.75,41.93,39.8056,2521107
2017-12-21,42.39,42.93,42.195,42.6,40.4416,4102055
2017-12-22,42.85,42.91,42.21,42.63,40.4702,3620177
2017-12-26,42.63,42.92,42.34,42.52,40.3657,2408441
2017-12-27,42.45,42.52,42.15,42.36,40.214,1788627
2017-12-28,42.43,42.46,42.1,42.44,40.2899,1459864
2017-12-29,42.44,42.66,41.95,41.98,39.8532,2644623
2018-01-02,42.35,42.68,42.02,42.68,40.5177,5073077
2018-01-03,42.57,43.29,42.44,43.17,40.9828,6281163
2018-01-04,43.58,44.33,43.39,43.68,41.4671,6740119
2018-01-05,43.89,44.24,43.65,43.88,41.6568,7315637
2018-01-08,43.8,44.27,43.63,44.06,41.8278,4726294
2018-01-09,44.17,44.85,44.01,44.19,41.9512,5434885
2018-01-10,44.34,45.46,44.28,44.9,42.6253,2914691
2018-01-11,45.06,45.305,44.63,45.3,43.0049,3292518
2018-01-12,45.61,45.79,45.29,45.52,43.2139,2267382
2018-01-16,45.79,45.93,44.945,45.25,42.9575,2981735
2018-01-17,45.52,46.01,44.83,45.84,43.5176,3730342
2018-01-18,45.95,46.125,45.22,45.76,43.4418,6065035
2018-01-19,46.14,47.32,45.64,46.82,44.4479,7826160
2018-01-22,47.24,47.87,47.01,47.81,45.3878,4196060
2018-01-23,47.69,48.14,47.3,47.87,45.4448,3885892
2018-01-24,48.07,48.23,47.12,47.38,44.9795,7287077
2018-01-25,47.6,47.6416,46.34,46.67,44.3055,5613166
2018-01-26,46.8,47.015,46.41,46.95,44.5713,3979409
2018-01-29,46.83,47.17,46.66,46.75,44.3815,4266874
2018-01-30,46.41,46.95,46.155,46.17,43.8309,3727498
2018-01-31,46.05,46.69,45.78,45.9,43.7832,4150481
2018-02-01,45.91,46.85,45.76,46.81,44.6512,6742859
2018-02-02,46.65,47.06,45.765,46.02,43.8977,6066636
2018-02-05,45.08,46.245,43.57,43.68,41.6656,5846091
2018-02-06,42.5,45.08,41.48,44.6,42.5432,8299806
2018-02-07,44.33,45.39,43.7,44.84,42.7721,6545971
2018-02-08,44.89,45.02,42.17,42.19,40.2443,4709275
2018-02-09,42.94,43.48,41.49,43.05,41.0647,6874562
2018-02-12,43.51,44.52,43.15,43.96,41.9327,4380953
2018-02-13,43.53,44.42,43.39,44.39,42.3428,3437652
2018-02-14,44.01,45.89,44.01,45.85,43.7355,6307566
2018-02-15,46.33,46.64,45.6,46.02,43.8977,3042662
2018-02-16,45.73,46.56,45.73,45.93,43.812,2803444
2018-02-20,45.89,46.61,45.69,46.09,43.9645,4780660
2018-02-21,45.98,46.96,45.76,46.3,44.1648,4490977
2018-02-22,46.53,46.79,45.37,45.45,43.354,2471051
2018-02-23,45.71,46.44,45.66,46.43,44.2888,2388610
2018-02-26,46.525,46.62,43.82,44.54,42.4858,14458501
2018-02-27,44.52,45.46,43.75,43.75,41.7323,13968141
2018-02-28,44.17,44.7,43.47,43.49,41.4843,8098663
2018-03-01,43.54,44.53,43.21,43.53,41.5225,7400863
2018-03-02,43.14,44.275,42.58,44.18,42.1425,5850779
2018-03-05,43.73,45.08,43.38,44.86,42.7912,5293323
2018-03-06,45.16,45.51,44.44,45.32,43.23,3843548
2018-03-07,44.76,45.56,44.6,45.44,43.3444,3468164
2018-03-08,45.68,45.9,44.56,45.22,43.1345,3957366
2018-03-09,45.58,46.315,45.33,46.26,44.1264,4264266
2018-03-12,46.3,46.66,46.11,46.15,44.0216,3581800
2018-03-13,46.47,46.55,45.625,45.73,43.621,3044808
2018-03-14,45.86,45.91,44.99,45.13,43.0488,5014640
2018-03-15,45.37,45.46,44.76,44.96,42.8865,3236561
2018-03-16,45.08,45.65,44.85,44.87,42.8008,6372112
2018-03-19,44.86,45.06,44.27,44.91,42.8389,3169234
2018-03-20,45.19,45.42,44.69,44.77,42.7053,2063862
2018-03-21,44.77,45.56,44.53,44.92,42.8483,3600997
2018-03-22,44.29,44.53,42.865,42.95,40.9693,5413807
2018-03-23,43.1,43.23,41.185,41.27,39.3667,5167282
2018-03-26,42.03,43.225,41.71,43.12,41.1315,6224835
2018-03-27,43.25,43.42,41.2,41.59,39.672,5434262
2018-03-28,41.8,41.97,40.8,41.55,39.6338,5276044
2018-03-29,41.82,42.17,41.42,41.98,40.044,6672880
2018-04-02,41.94,42,40.45,41.1,39.2045,4659684
2018-04-03,41.25,41.9663,41.075,41.81,39.8819,3581141
2018-04-04,41.47,42.87,41.07,42.77,40.7976,4959172
2018-04-05,43.06,43.36,42.49,43.02,41.036,5229441
2018-04-06,42.33,42.485,40.98,41.48,39.5671,5383223
2018-04-09,41.71,42.75,41.665,41.74,39.8151,4324145
2018-04-10,42.5,42.93,42.18,42.7,40.7308,3649184
2018-04-11,42.25,42.51,42.05,42.18,40.2347,3161856
2018-04-12,42.63,43.495,42.59,43.24,41.2458,3778529
2018-04-13,43.52,43.62,42.03,42.28,40.3301,3787183
2018-04-16,42.7,42.93,41.96,42.37,40.416,2842590
2018-04-17,42.63,42.755,40.82,41.29,39.3858,7108337
2018-04-18,41.38,41.825,40.7,41.03,39.1377,6786859
2018-04-19,41.14,41.985,41.07,41.86,39.9294,5860660
2018-04-20,42,42.51,41.52,41.98,40.044,5391458
2018-04-23,42.56,43.01,42.3,42.51,40.5496,5521116
2018-04-24,42.89,43.51,41.7,42.27,40.3207,5980792
2018-04-25,42.14,42.81,41.62,42.52,40.559,3772948
2018-04-26,42.44,42.61,41.94,41.98,40.044,3832061
2018-04-27,41.95,42.49,41.83,42.47,40.5113,3442211
2018-04-30,42.63,42.82,41.49,41.49,39.5765,2836105
2018-05-01,41.1,41.34,40.33,40.95,39.2697,7339348
2018-05-02,40.96,41.87,40.905,41.01,39.3272,5698569
2018-05-03,40.67,40.99,39.98,40.41,38.7519,4179914
2018-05-04,40.17,41.35,39.91,41.03,39.3464,2738923
2018-05-07,41.12,41.37,40.7,41.07,39.3847,2592934
2018-05-08,41.16,41.9,40.925,41.32,39.6246,3656366
2018-05-09,41.56,42.34,41.41,42.17,40.4395,3177045
2018-05-10,42.17,42.58,41.715,42.36,40.6218,2610287
2018-05-11,42.47,42.6,42.19,42.4,40.6602,2430286
2018-05-14,42.62,42.65,42.16,42.34,40.6027,2365776
2018-05-15,42.28,43.12,42.25,42.72,40.967,3501122
2018-05-16,42.52,42.85,42.295,42.54,40.7945,2905983
2018-05-17,42.41,42.72,42.08,42.5,40.7561,3580414
2018-05-18,42.32,42.47,41.56,41.56,39.8547,3456706
2018-05-21,41.77,42.215,41.6,41.89,40.1711,3849985
2018-05-22,41.99,42.58,41.98,42.19,40.4588,3424484
2018-05-23,42.02,42.24,41.49,41.79,40.0753,6262850
2018-05-24,41.59,41.7,40.66,41.54,39.8355,4452926
2018-05-25,41.3,41.595,41.04,41.51,39.8067,3596990
2018-05-29,40.99,41.03,39.07,39.41,37.7929,6899710
2018-05-30,40.25,40.63,39.91,40.44,38.7806,4363090
2018-05-31,40.7,41,40.22,40.85,39.1737,9028511
2018-06-01,41.46,42.06,41.36,41.63,39.9218,4173919
2018-06-04,41.76,42.04,41.67,41.91,40.1903,4778261
2018-06-05,41.78,41.98,41.06,41.49,39.7875,4022276
2018-06-06,41.6,42.51,41.6,42.38,40.6411,3702134
2018-06-07,42.55,42.72,41.82,41.91,40.1903,4811018
2018-06-08,41.77,42.04,41.57,41.98,40.2575,4135600
2018-06-11,42.23,42.57,41.74,41.85,40.1327,4652557
2018-06-12,41.97,42.53,41.845,42.21,40.478,5631754
2018-06-13,42.33,42.865,41.79,41.84,40.1232,5709188
2018-06-14,42.09,42.18,40.98,41.4,39.7013,5402873
2018-06-15,41.33,41.82,40.5,41.7,39.9889,8035203
2018-06-18,41.34,42.1,41.0677,41.85,40.1327,4824871
2018-06-19,41.34,41.88,41.17,41.75,40.0369,4108541
2018-06-20,42.1,42.23,41.69,41.89,40.1711,4323347
2018-06-21,41.69,42.19,41.23,41.93,40.2095,2774665
2018-06-22,41.92,42.2,41.1,41.18,39.4903,5759636
2018-06-25,41.03,41.08,40.26,40.85,39.1737,7724411
2018-06-26,40.88,40.99,39.92,40.14,38.4929,6471380
2018-06-27,40.02,40.59,39.48,39.56,37.9367,4854455
2018-06-28,39.68,39.9,39.3,39.51,37.8888,3799043
2018-06-29,39.85,40.25,38.84,38.9,37.3038,6868665
2018-07-02,38.7,39.41,38.65,39.38,37.764,4336664
2018-07-03,39.39,39.7,38.93,38.96,37.3613,1695625
2018-07-05,39.27,39.51,38.96,39.18,37.5723,4981459
2018-07-06,38.97,39.53,38.71,39.35,37.7354,3668890
2018-07-09,39.54,40.665,39.44,40.5,38.8381,4627634
2018-07-10,40.6,40.825,39.795,40.04,38.397,2984211
2018-07-11,39.8,40.28,39.71,39.79,38.1573,3094711
2018-07-12,40.13,40.15,39.4,39.57,37.9463,5138997
2018-07-13,39.4,39.72,38.95,39.36,37.7449,4342633
2018-07-16,39.61,40.24,39.52,39.98,38.3396,4278735
2018-07-17,39.98,40.41,39.91,40.04,38.397,3965737
2018-07-18,40.07,41.07,40.07,41.04,39.356,4275141
2018-07-19,40.94,40.99,40.2,40.66,38.9915,5817932
2018-07-20,41.1,41.22,39.76,40.2,38.5505,5895742
2018-07-23,40.11,40.77,40.11,40.53,38.8669,5402149
2018-07-24,40.62,40.66,39.87,40.04,38.397,7864740
2018-07-25,39.97,40.14,39.53,39.92,38.2819,4642537
2018-07-26,40,40.57,39.905,39.96,38.3202,4712608
2018-07-27,40.11,40.57,39.8,40.1,38.4546,4102700
2018-07-30,40.24,40.33,39.9858,40.07,38.4257,4518008
2018-07-31,40.02,40.07,39.41,39.78,38.4065,3591933
2018-08-01,40.03,40.415,39.83,39.92,38.5417,4074277
2018-08-02,39.52,40.415,39.42,40.29,38.899,3448009
2018-08-03,40.12,40.47,40.1,40.42,39.0243,4111979
2018-08-06,40.4,40.4,39.85,40.13,38.7445,3613443
2018-08-07,40.22,40.77,40.2,40.41,39.0147,3367096
2018-08-08,40.39,41.12,40.36,41.01,39.594,2952033
2018-08-09,40.93,41.1,40.565,40.59,39.1885,2686531
2018-08-10,40.02,40.44,39.8,40.27,38.8795,2143279
2018-08-13,40.27,40.56,39.82,39.84,38.4645,2496384
2018-08-14,39.95,40.595,39.8764,40.4,39.005,3017315
2018-08-15,40.06,40.25,39.62,39.75,38.3775,4199147
2018-08-16,40.02,40.61,40,40.46,39.0631,3501820
2018-08-17,40.39,40.765,40.27,40.69,39.2851,2269443
2018-08-20,40.63,40.87,40.56,40.85,39.4395,2091177
2018-08-21,40.87,41.57,40.83,41.27,39.845,3270272
2018-08-22,41.08,41.31,40.91,41.25,39.8258,2521399
2018-08-23,41.23,41.31,40.8,41.04,39.623,2713155
2018-08-24,41.21,41.33,40.89,40.95,39.5361,3289997
2018-08-27,41.05,41.73,41.05,41.43,39.9995,2517360
2018-08-28,41.59,41.76,41.28,41.5,40.067,3138574
2018-08-29,41.59,41.59,40.95,41.13,39.7099,3487302
2018-08-30,41.15,41.21,40.81,40.92,39.5072,3080600
2018-08-31,40.8,41.28,40.55,41.16,39.7388,2660267
2018-09-04,41.25,41.42,40.88,41.23,39.8064,2875405
2018-09-05,41.23,41.67,41.14,41.48,40.0478,3801827
2018-09-06,41.52,41.67,41.073,41.19,39.7678,2612173
2018-09-07,41.36,41.36,40.795,41.01,39.594,3539049
2018-09-10,41.13,41.14,40.675,40.76,39.3527,1942657
2018-09-11,40.74,41.27,40.67,41.03,39.6133,4956935
2018-09-12,40.99,41.26,40.21,40.36,38.9665,4408017
2018-09-13,40.5,40.56,39.61,39.77,38.3968,5480323
2018-09-14,39.86,40.49,39.73,40.14,38.7542,3618437
2018-09-17,40.25,40.25,39.84,39.89,38.5126,2463969
2018-09-18,39.95,40.125,39.645,39.81,38.4354,3395024
2018-09-19,39.87,40.6,39.77,40.42,39.0243,3341687
2018-09-20,40.66,41.17,40.58,41.03,39.6133,3011926
2018-09-21,41.13,41.17,40.81,40.98,39.5651,5111482
2018-09-24,40.87,41.13,40.29,40.41,39.0147,3091095
2018-09-25,40.58,40.62,40.12,40.14,38.7542,2652038
2018-09-26,40.35,40.35,39.35,39.41,38.0493,3972137
2018-09-27,39.43,39.52,38.84,38.93,37.5858,3575758
2018-09-28,38.67,39.02,38.47,38.57,37.2382,4718790
2018-10-01,38.8,39.02,38.17,38.36,37.0356,3386078
2018-10-02,38.24,38.52,37.97,38.07,36.7555,4212245
2018-10-03,38.4,39.09,38.135,38.83,37.4893,4659220
2018-10-04,38.86,39.69,38.82,39.1,37.75,4085140
2018-10-05,39.27,39.45,38.565,38.78,37.441,2960894
2018-10-08,38.7,39.38,38.57,39.23,37.8755,2324787
2018-10-09,39.1,39.355,38.84,38.97,37.6245,3448236
2018-10-10,39.1,39.41,38.14,38.16,36.8425,5224447
2018-10-11,37.98,38.15,36.855,36.99,35.7128,7640074
2018-10-12,37.99,37.99,35.25,36.11,34.8632,7469577
2018-10-15,36.09,36.36,35.655,35.85,34.6122,5712834
2018-10-16,36.02,36.06,35.05,35.71,34.4771,7528129
2018-10-17,35.67,36.37,35.2,35.89,34.6508,6389587
2018-10-18,35.71,35.95,34.875,34.92,33.7144,7503627
2018-10-19,35.66,36.89,35.41,36.37,35.1142,6619841
2018-10-22,37.1,37.29,35.65,35.77,34.535,9609252
2018-10-23,35.34,36.51,35.15,36.24,34.9887,8937134
2018-10-24,36.09,36.22,34.96,35.03,33.8205,7255869
2018-10-25,35.25,36.269,35.25,35.89,34.6508,5659597
2018-10-26,35.57,36.11,35.29,35.86,34.6218,5802118
2018-10-29,36.4,36.74,35.77,36.16,34.9115,5344957
2018-10-30,36.14,36.39,35.55,36.33,35.3394,5997650
2018-10-31,36.75,37.92,36.73,37.35,36.3317,6488563
2018-11-01,37.6,37.89,37.21,37.41,36.3901,5536930
2018-11-02,37.79,38.17,37.11,37.52,36.497,4679720
2018-11-05,37.44,37.88,37.29,37.73,36.7012,2738533
2018-11-06,37.55,37.98,37.38,37.73,36.7012,6468293
2018-11-07,37.91,38.25,37.255,38.14,37.1002,2674300
2018-11-08,38.03,38.64,37.75,38.3,37.2558,3891054
2018-11-09,38.16,38.56,37.84,38.06,37.0223,3382246
2018-11-12,38,38.29,37.56,37.62,36.5943,4984595
2018-11-13,37.62,38.21,37.58,37.69,36.6624,3582009
2018-11-14,37.82,37.92,35.91,36.21,35.2228,8901619
2018-11-15,35.9,36.58,35.51,36.58,35.5827,6490567
2018-11-16,36.31,36.53,36.09,36.26,35.2715,5821447
2018-11-19,36.27,36.59,35.515,35.95,34.9699,5897163
2018-11-20,35.65,35.84,35.08,35.23,34.2695,5510620
2018-11-21,35.49,35.96,34.82,35.5,34.5321,3497139
2018-11-23,35.18,35.53,35.02,35.19,34.2306,1597596
2018-11-26,35.71,36.49,35.65,36.06,35.0769,7782704
2018-11-27,36.06,36.5,35.79,36.05,35.0672,4302048
2018-11-28,36.04,36.56,35.5,36.43,35.4368,4260621
2018-11-29,36.08,36.38,35.875,36.03,35.0478,4320034
2018-11-30,36.04,36.67,35.83,36.36,35.3686,5518340
2018-12-03,36.9,37.11,36.19,36.55,35.5535,5414894
2018-12-04,36.24,36.44,34.07,34.44,33.501,7394401
2018-12-06,33.87,34.25,33,33.78,32.8591,7859596
2018-12-07,33.66,34.03,32.795,33.01,32.11,5178498
2018-12-10,32.82,32.86,31.55,32.05,31.1762,7212747
2018-12-11,32.39,32.82,31.525,31.68,30.8163,6133110
2018-12-12,32.13,32.3,31.57,31.63,30.7676,5630636
2018-12-13,31.64,31.75,30.75,30.88,30.0381,6163381
2018-12-14,30.52,31.15,30.07,30.26,29.4349,5923700
2018-12-17,30,30.72,29.7905,30.08,29.2599,6460164
2018-12-18,30.27,30.64,29.67,29.81,28.9973,7932111
2018-12-19,29.69,30.28,28.8,29,28.2093,6758951
2018-12-20,28.84,29.3,28.475,28.85,28.0634,6704632
2018-12-21,28.86,29.37,28.36,28.52,27.7424,10894099
2018-12-24,28.26,28.51,27.755,27.94,27.1782,4308834
2018-12-26,28.11,29.56,27.62,29.49,28.686,6940512
2018-12-27,29.05,29.59,28.49,29.58,28.7735,6005892
2018-12-28,29.68,30.04,29.29,29.57,28.7637,5821534
2018-12-31,29.63,30.07,29.27,29.73,28.9195,5720153
2019-01-02,29.43,30.57,29.265,30.51,29.6782,4878769
2019-01-03,30.43,30.91,30.11,30.37,29.542,4573608
2019-01-04,30.99,31.74,30.89,31.62,30.7579,4521411
2019-01-07,31.64,32.38,31.35,32.01,31.1373,7386988
2019-01-08,32.09,32.38,31.46,32.01,31.1373,4106102
2019-01-09,32.4,32.52,31.88,32.43,31.5458,4651157
2019-01-10,32.4,32.5907,31.815,32.24,31.3611,6308946
2019-01-11,32.01,32.87,31.96,32.63,31.7404,6311753
2019-01-14,32.32,33.325,32.22,33.06,32.1586,6985364
2019-01-15,32.98,33.14,32.45,33.1,32.1976,4303320
2019-01-16,33.53,34.13,33.29,33.95,33.0244,4819142
2019-01-17,33.79,34.11,33.27,33.9,32.9757,7548915
2019-01-18,34.2,35.48,33.99,35.43,34.464,9676272
2019-01-22,35.29,35.57,34.85,35.18,34.2209,6488900
2019-01-23,35.45,35.59,34.635,34.95,33.9971,5164013
2019-01-24,34.85,35.28,34.8,35.15,34.1916,3912922
2019-01-25,35.46,35.77,35.16,35.44,34.4737,3418886
2019-01-28,35.2,35.54,35.07,35.34,34.3766,3565550
2019-01-29,35.07,35.37,35.02,35.05,34.0944,3907509
2019-01-30,34.87,35.12,34.49,34.57,33.9373,3849194
2019-01-31,34.26,34.45,33.37,33.92,33.2992,6826208
2019-02-01,34.08,34.44,33.9,34.19,33.5642,7465247
2019-02-04,34.25,34.48,34.02,34.45,33.8195,3595780
2019-02-05,34.46,34.6,34.17,34.38,33.7508,3200292
2019-02-06,34.25,34.665,34.25,34.52,33.8882,3488190
2019-02-07,35.02,36.02,35.01,35.58,34.9288,9760577
2019-02-08,35.34,35.68,34.82,35.32,34.6736,4829186
2019-02-11,35.53,35.59,35.29,35.45,34.8012,3125765
2019-02-12,35.8,36.15,35.72,36.02,35.3608,4723228
2019-02-13,36.01,36.49,35.925,36.31,35.6455,5670317
2019-02-14,35.96,36.26,35.555,35.9,35.243,6129854
2019-02-15,36.27,36.74,36.15,36.7,36.0284,3192836
2019-02-19,36.55,37.15,36.35,37.08,36.4013,4750645
2019-02-20,37.01,37.7,36.765,37.66,36.9707,4372749
2019-02-21,37.7,37.73,37.105,37.23,36.5486,4322587
2019-02-22,37.28,37.36,36.85,37.23,36.5486,4017517
2019-02-25,37.6,37.68,37.04,37.04,36.3621,3694869
2019-02-26,36.83,37.17,36.57,36.69,36.0186,3734358
2019-02-27,36.8,37.09,36.53,37.03,36.3523,2860667
2019-02-28,37.15,37.17,36.84,36.94,36.264,3530254
2019-03-01,37.22,37.58,36.78,37,36.3228,3402978
2019-03-04,37.06,37.5,36.51,36.85,36.1756,3609980
2019-03-05,36.78,36.8394,36.02,36.54,35.8713,3525565
2019-03-06,36.44,36.5209,35.69,35.73,35.0761,3178889
2019-03-07,35.44,35.49,34.835,34.92,34.2809,4455506
2019-03-08,34.53,34.91,34.42,34.76,34.1238,4147203
2019-03-11,34.94,35.1853,34.65,35.1,34.4576,2968683
2019-03-12,35.24,35.41,34.895,35.06,34.4184,3449348
2019-03-13,35.31,35.665,35.02,35.5,34.8503,3441977
2019-03-14,35.55,35.88,35.435,35.74,35.0859,3821076
2019-03-15,35.68,36.02,35.575,35.87,35.2135,4576410
2019-03-18,36.02,36.53,36,36.4,35.7338,3817719
2019-03-19,36.77,36.78,35.7,35.74,35.0859,3404926
2019-03-20,35.62,35.785,34.25,34.26,33.633,6006251
2019-03-21,34.06,34.06,33.21,33.28,32.6709,6460760
2019-03-22,33.05,33.05,31.31,31.77,31.1885,7395314
2019-03-25,31.82,32.18,31.295,31.61,31.0315,6415768
2019-03-26,31.92,32.33,31.66,32.22,31.6304,8749330
2019-03-27,32.07,32.22,31.635,31.99,31.4045,5496999
2019-03-28,32.1,32.46,31.87,32.43,31.8365,4110396
2019-03-29,32.76,32.83,32.375,32.5,31.9052,3937972
2019-04-01,32.82,33.845,32.8,33.75,33.1323,4948956
2019-04-02,33.74,34.33,33.5,34.01,33.3875,4505264
2019-04-03,34.54,34.84,33.99,34.15,33.525,4978449
2019-04-04,34.02,34.985,34.02,34.7,34.065,4368845
2019-04-05,34.68,34.94,34.23,34.58,33.9471,3839699
2019-04-08,34.42,34.86,34.35,34.67,34.0355,2533000
2019-04-09,34.39,34.58,33.775,33.96,33.3385,4010859
2019-04-10,34.13,34.28,33.585,34.11,33.4857,5313436
2019-04-11,34.3,34.72,34.01,34.36,33.7312,5809545
2019-04-12,35.04,35.36,34.21,35.06,34.4184,4808947
2019-04-15,35.06,35.18,34.325,34.45,33.8195,3685560
2019-04-16,34.58,34.92,33.875,34.9,34.2613,5238693
2019-04-17,34.86,35.1,34.57,35,34.3594,6190186
2019-04-18,35.19,35.89,34.93,35.36,34.7129,7898277
2019-04-22,35.48,35.875,35.06,35.7,35.0467,7448889
2019-04-23,35.57,36.21,35.41,36.1,35.4394,5423921
2019-04-24,35.94,36.03,35.525,35.81,35.1546,3669359
2019-04-25,35.56,36.03,35.29,35.72,35.0663,2680614
2019-04-26,35.76,36.18,35.52,35.97,35.3117,3017573
2019-04-29,36.1,36.63,36.0657,36.39,35.724,3033396
2019-04-30,36.17,36.3358,35.7,36.2,35.8528,5657667
2019-05-01,36.18,36.59,35.63,35.89,35.5457,5024085
2019-05-02,35.9,36.465,35.88,36.25,35.9023,4030715
2019-05-03,36.42,36.89,36.33,36.8,36.447,4094728
2019-05-06,35.89,36.82,35.89,36.59,36.239,3381557
2019-05-07,36.06,36.35,35.715,35.9,35.5556,3006453
2019-05-08,35.71,36.05,35.38,35.67,35.3278,4487677
2019-05-09,35.28,35.94,35.08,35.82,35.4764,4440337
2019-05-10,35.75,36.15,35.24,36.05,35.7042,4004983
2019-05-13,35.25,35.47,34.46,34.52,34.1889,4058129
2019-05-14,34.51,35.31,34.44,34.91,34.5751,3412897
2019-05-15,34.42,34.555,33.725,34.21,33.8818,3971849
2019-05-16,34.43,35.07,34.42,34.76,34.4266,3301302
2019-05-17,34.31,35.12,34.31,34.76,34.4266,3463276
2019-05-20,34.61,35.08,34.605,34.85,34.5157,2657829
2019-05-21,35.19,35.495,35.08,35.27,34.9317,3425351
2019-05-22,34.94,35.08,34.68,34.88,34.5454,2069484
2019-05-23,34.5,34.5,33.76,34.02,33.6937,4072065
2019-05-24,34.2,34.51,34.015,34.44,34.1096,3329869
2019-05-28,34.26,34.47,33.75,33.76,33.4362,3341370
2019-05-29,33.34,34.005,33.125,33.95,33.6243,2929408
2019-05-30,33.96,34.27,33.29,33.52,33.1985,2777050
2019-05-31,32.72,33.12,32.535,32.58,32.2675,3362152
2019-06-03,32.48,33.41,32.36,33.1,32.7825,4301472
2019-06-04,33.65,34.59,33.58,34.54,34.2087,3276742
2019-06-05,34.57,34.57,33.785,34.31,33.9809,3846975
2019-06-06,34.21,34.56,33.715,34.41,34.0799,3257232
2019-06-07,34.26,34.28,33.805,33.86,33.5352,2455515
2019-06-10,34.32,34.76,34.18,34.46,34.1294,7128121
2019-06-11,34.65,35.23,34.63,34.84,34.5058,2841221
2019-06-12,34.82,35.02,34.59,34.75,34.4167,4132781
2019-06-13,34.98,35.17,34.7,34.88,34.5454,3314625
2019-06-14,34.9,35.13,34.305,34.97,34.6346,2701218
2019-06-17,35.02,35.24,34.3,34.38,34.0502,1625629
2019-06-18,34.27,35.34,34.1,35.29,34.9515,3578297
2019-06-19,35.53,35.93,34.59,34.67,34.3374,3834183
2019-06-20,34.77,35.01,33.88,34.96,34.6247,3969577
2019-06-21,34.91,35.235,34.75,34.79,34.4563,5422872
2019-06-24,34.72,35.125,34.38,34.46,34.1294,3906201
2019-06-25,34.38,34.52,33.76,34.34,34.0106,3060627
2019-06-26,34.48,34.89,34.37,34.39,34.0601,3707143
2019-06-27,34.57,35.02,34.535,34.77,34.4365,3405690
2019-06-28,35.36,35.75,34.67,35.36,35.0208,5347571
2019-07-01,35.79,36.295,35.27,35.6,35.2585,4676769
2019-07-02,35.43,35.565,34.775,35.02,34.6841,4293428
2019-07-03,35.14,35.58,34.94,35.51,35.1694,1999016
2019-07-05,35.95,36.42,35.79,35.89,35.5457,2758963
2019-07-08,35.58,36.07,35.5,35.6,35.2585,3583600
2019-07-09,35.5,36.065,35.26,35.99,35.6448,4464500
2019-07-10,35.5,35.82,34.98,34.99,34.6544,5848800
2019-07-11,35,35.735,34.99,35.56,35.2189,4703100
2019-07-12,35.52,35.88,35.22,35.75,35.4071,4562000
2019-07-15,35.67,35.67,34.955,35.08,34.7435,4817900
2019-07-16,35.17,35.24,34.7,34.94,34.6048,5662400
2019-07-17,34.77,34.855,34.33,34.35,34.0205,3716300
2019-07-18,34.58,34.92,34.31,34.62,34.2879,6626000
2019-07-19,35.74,36.95,35.25,36.83,36.4767,11779500
2019-07-22,36.53,36.76,36.24,36.58,36.2291,5761800
2019-07-23,36.74,37.32,36.64,37.16,36.8035,4325400
2019-07-24,37.15,37.97,37.1,37.62,37.2591,3464400
2019-07-25,37.75,38.055,36.94,37.02,36.6649,4724000
2019-07-26,37.35,37.81,37.25,37.68,37.3186,4073900
2019-07-29,37.93,37.99,37.39,37.53,37.17,3642200
2019-07-30,36.91,37.7,36.74,37.64,37.64,3316100
2019-07-31,37.54,37.85,37.185,37.26,37.26,4179600
2019-08-01,37.07,37.36,35.56,35.68,35.68,8110400
2019-08-02,35.54,35.7,35.05,35.51,35.51,4194900
2019-08-05,34.85,34.91,34.19,34.62,34.62,9130100
2019-08-06,34.86,34.99,34.135,34.78,34.78,5100400
2019-08-07,33.8,33.87,32.845,33.23,33.23,7405795
2019-08-08,33.56,34.08,33.45,33.5,33.5,7174310
2019-08-09,33.33,33.55,32.835,33.31,33.31,3720879
2019-08-12,32.82,32.95,32.53,32.68,32.68,2327100
2019-08-13,32.66,33.66,32.42,33.13,33.13,4595600
2019-08-14,32.16,32.27,31.365,31.72,31.72,6806800
2019-08-15,31.91,32.1,31.345,31.42,31.42,5321900
2019-08-16,31.79,32.625,31.345,32.4,32.4,3427900
2019-08-19,33.09,33.26,32.835,32.95,32.95,3192200
2019-08-20,32.73,32.77,32.27,32.3,32.3,3400600
2019-08-21,32.67,32.77,32.335,32.6,32.6,3191400
2019-08-22,32.89,33.09,32.4,32.77,32.77,3007300
2019-08-23,32.82,33.08,31.61,31.77,31.77,3569600
2019-08-26,32.1,32.295,31.87,32.21,32.21,2638100
2019-08-27,32.38,32.46,31.66,31.89,31.89,4478100
2019-08-28,31.79,33.085,31.71,32.86,32.86,4588100
2019-08-29,33.14,33.72,33.11,33.49,33.49,5173900
2019-08-30,33.83,34.4,33.68,33.74,33.74,5538100
2019-09-03,33.34,33.41,32.53,32.89,32.89,3175600
2019-09-04,33.16,33.38,32.97,33.25,33.25,2947300
2019-09-05,34.01,34.715,33.8,34.2,34.2,3905900
2019-09-06,34.23,34.52,33.99,34.14,34.14,2867200
2019-09-09,34.52,35.82,34.31,35.72,35.72,3813900
2019-09-10,36,36.645,35.83,36.28,36.28,3675500
2019-09-11,36.5,36.64,35.68,36.21,36.21,4345200
2019-09-12,35.59,36.665,35.35,36.37,36.37,5281200
2019-09-13,36.96,37.34,36.71,36.83,36.83,4074200
2019-09-16,36.28,37,36.2,36.96,36.96,2605600
2019-09-17,36.68,36.68,36.075,36.4,36.4,3134800
2019-09-18,36.09,36.85,35.97,36.61,36.61,4076600
2019-09-19,36.27,36.77,36.09,36.17,36.17,3667400
2019-09-20,36.24,36.37,35.76,35.88,35.88,7279800
2019-09-23,35.42,36.08,35.23,35.87,35.87,3156200
2019-09-24,35.84,35.99,35.08,35.27,35.27,5729700
2019-09-25,35.29,35.835,35.23,35.6,35.6,3807200
2019-09-26,35.46,35.59,35.13,35.16,35.16,4099100
2019-09-27,35.5,35.96,35.17,35.38,35.38,5140200
2019-09-30,35.64,35.7,35.26,35.37,35.37,2762600
2019-10-01,35.67,35.83,34.18,34.2,34.2,4439400
2019-10-02,33.9,33.99,33.355,33.5,33.5,3933600
2019-10-03,33.18,33.44,32.47,33.43,33.43,5072600
2019-10-04,33.4,33.8,33.07,33.76,33.76,3140200
2019-10-07,33.62,34.28,33.555,33.94,33.94,5741500
2019-10-08,33.02,33.285,32.58,32.58,32.58,8388600
2019-10-09,32.88,33.19,32.67,32.99,32.99,4343500
2019-10-10,33.3,33.96,33.25,33.77,33.77,5358800
2019-10-11,34.58,34.925,34.27,34.48,34.48,4508800